Task ID,Title,Description,Duration (Hours),Duration (Days),Phase,Assignable Role,Priority,Dependencies,Acceptance Criteria,Status,Story Points,Risk Level
MOR-001,Message Bus Implementation,Design and implement event-driven message bus for inter-plugin communication,40,5,Phase 0,Backend Engineer / Infrastructure,P0,None,"Message bus deployed and tested with 100+ concurrent messages, Retry mechanism validated with 3 retry attempts minimum, Message ordering guaranteed per topic, Latency <100ms for message propagation, Support for message filtering/routing based on topics and payloads, Complete integration tests passing (8+ test cases)",Ready,13,CRITICAL
MOR-002,Distributed State Management Framework,Implement distributed state management with event sourcing,48,6,Phase 0,Backend Engineer / Database Specialist,P0,MOR-001,"Event store persisting all state changes to SQLite, State snapshots created every 100 events, Distributed lock mechanism working (Redis-based), State recovery from event log tested, Namespace isolation validated across plugins, <50ms query latency for state lookups, Documentation of state schema and versioning strategy",Ready,15,CRITICAL
MOR-003,Security Framework & Sandboxing,Establish security baseline with sandboxing RBAC and API key management,44,5,Phase 0,Security Engineer / DevOps,P0,MOR-002,"RBAC matrix defined with 5+ roles and 20+ permissions, API key rotation system operational, Rate limiting enforced: 1000 req/min per plugin 100 req/min per agent, Secure credential storage with encryption at rest, Audit logging of all security events, Security penetration test completed with report, SOC2 compliance checklist 80%+ complete",Ready,14,CRITICAL
MOR-004,Plugin Schema v2 & Registry,Define and implement plugin schema v2 with auto-discovery,36,4,Phase 0,Backend Engineer / Architect,P1,None,"Plugin schema v2 supporting: agents, commands, skills, hooks, MCPs, Auto-discovery script finding all plugin components, Registry validation with 10+ schema checks, Plugin dependency graph resolver implemented, Manifest versioning strategy documented, CLI command for plugin validation: plugin-validate, 100% schema coverage with JSON Schema",Ready,11,HIGH
MOR-005,Foundation Integration & Testing,Integrate all foundation components and create baseline tests,36,4,Phase 0,QA Engineer / Testing Specialist,P1,"MOR-001, MOR-002, MOR-003, MOR-004","50+ integration tests passing, Load test showing system stable at 1000+ concurrent operations, CI/CD pipeline green for foundation components, Foundation operations manual (50+ pages) completed, Disaster recovery procedure documented and tested, RPO/RTO targets defined and met, Foundation deployment checklist for production",Ready,11,HIGH
MOR-010,Core API Framework,Build GraphQL API server with federation and schema registry,40,4,Phase 1,Backend Engineer / API Specialist,P1,MOR-005,"GraphQL schema with 100+ types covering all plugin operations, Federation working with 3+ subgraphs, Schema registry with version history and rollback, Subscription support for agent execution events, GraphQL validation and introspection working, 50+ unit tests for resolver logic, API documentation auto-generated from schema",Ready,13,HIGH
MOR-011,Agent Integration Module,Build agent orchestration module (12 agents for API Nexus),48,5,Phase 1,Backend Engineer,P1,MOR-010,"All 12 agents implemented with full documentation, Each agent has 3+ capabilities defined, Agent-to-agent communication tested, Skill registration complete for each agent, Integration with jira-orchestrator commands working, Agent execution time <5 seconds for 95% operations, 100% code coverage for agent logic",Ready,15,HIGH
MOR-012,API Commands Implementation,Implement 15 API Nexus slash commands,40,4,Phase 1,Backend Engineer / CLI Developer,P1,MOR-011,"All 15 commands implemented and documented, Each command has help text and examples, Commands integrated with jira-orchestrator routing, Test coverage 85%+ for command logic, Documentation for each command (500+ words), E2E tests for all commands, CLI validation tests passing",Ready,13,HIGH
MOR-013,GraphQL Federation & Schema Registry,Implement advanced federation and schema versioning,40,4,Phase 1,Backend Engineer / Architect,P2,MOR-010 MOR-011,"Schema composition working across 3+ plugins, Version history maintained with ability to rollback, Migration scripts for schema changes, Breaking change detection and warnings, Schema diff generation between versions, Documentation of federation patterns, Performance benchmarks for schema composition",Ready,13,MEDIUM
MOR-014,Testing & Documentation,Create comprehensive testing and documentation for API Nexus v2,36,3,Phase 1,QA Engineer / Technical Writer,P1,"MOR-010, MOR-011, MOR-012, MOR-013","E2E test suite with 50+ tests, Load test results showing <200ms p95 latency, API documentation (Swagger/OpenAPI) complete, Developer guide (100+ pages) with examples, Architecture decision records (ADRs) for key decisions, Operational runbook with troubleshooting guide, API versioning strategy document",Ready,11,HIGH
MOR-020,CIPE v2 Core Architecture,Design and implement CIPE v2 core architecture,40,4,Phase 2A,Architecture / Backend Engineer,P1,MOR-014,"AST parser working for 4+ languages, Code diff analysis identifying 15+ pattern types, Quality scoring algorithm with 10 metrics, Integration with GitHub/GitLab APIs, Code analysis latency <2 seconds per file, Support for repositories up to 100k files, Documentation of AST schema for each language",Ready,13,HIGH
MOR-021,CIPE Agent Pool,Build 18 specialized agents for CIPE v2,48,5,Phase 2A,Backend Engineer,P1,MOR-020,"All 18 agents with full capability definitions, Agent-to-agent data flow working, Skill modules registered for each agent, Message bus integration for async analysis, Analysis results persisted to state store, Agent execution time <10s for 95% operations, 100% code coverage",Ready,15,HIGH
MOR-022,CIPE Commands Implementation,Implement 25 CIPE slash commands,48,5,Phase 2A,Backend Engineer / CLI Developer,P1,MOR-021,"All 25 commands implemented and documented, Commands callable from jira-orchestrator, Help text and examples for all commands, Integration with GitHub/GitLab webhooks, Async analysis for long-running commands, Result persistence and history, 80%+ test coverage, Documentation (500+ words per command group)",Ready,15,HIGH
MOR-023,CIPE Knowledge & ML Components,Implement learning components and ML-based pattern detection,40,4,Phase 2A,ML Engineer / Backend Engineer,P2,MOR-021,"Pattern learning system capturing 50+ patterns from codebase, ML classifier for code smells with 85%+ accuracy, Baseline metrics established for trends, Recommendation engine with scoring system, Integration with message bus for async learning, Documentation of ML models and training data, Model versioning system",Ready,13,MEDIUM
MOR-024,CIPE Integration & Testing,Test and integrate CIPE v2 with foundation,36,3,Phase 2A,QA Engineer,P1,"MOR-020, MOR-021, MOR-022, MOR-023","60+ integration tests passing, Performance tested on 1M+ LOC (analysis <5 minutes), GitHub webhook integration tested, Operational documentation complete, Incident response procedures documented, SLA targets defined and met, Monitoring dashboards configured",Ready,11,HIGH
MOR-030,Knowledge Graph Architecture,Design and implement knowledge graph with vector embeddings,40,4,Phase 2B,Architecture / Backend Engineer,P1,MOR-014,"Knowledge graph schema with 20+ entity types, Vector embedding using OpenAI/Claude embeddings, Support for 10M+ nodes and 50M+ relationships, Semantic search with <200ms query latency, Incremental knowledge ingestion, Multi-language support for documents, Documentation of knowledge graph structure",Ready,13,HIGH
MOR-031,Knowledge Fabric Agents,Build 15 specialized agents for Knowledge Fabric v2,40,4,Phase 2B,Backend Engineer,P1,MOR-030,"All 15 agents implemented with capabilities, Agent collaboration working for knowledge processing, Integration with message bus for async processing, Knowledge persistence to graph database, Agent execution time <5s for 95% operations, 100% code coverage, Full documentation of agent roles",Ready,13,HIGH
MOR-032,Knowledge Fabric Commands,Implement 20 Knowledge Fabric slash commands,40,4,Phase 2B,Backend Engineer / CLI Developer,P1,MOR-031,"All 20 commands implemented and documented, Integration with jira-orchestrator, Async processing for long-running operations, Result caching where appropriate, 80%+ test coverage, Help and examples for all commands, Documentation (50+ pages total)",Ready,13,HIGH
MOR-033,RAG & Advanced Retrieval,Implement advanced RAG with context optimization,40,4,Phase 2B,ML Engineer / Backend Engineer,P2,MOR-031,"RAG pipeline with context ranking working, Multi-hop queries returning relevant results, Synthesis producing coherent answers, Relevance feedback system implemented, RAG quality metrics 85%+ accuracy, Integration with Claude API for synthesis, Documentation of RAG workflow",Ready,13,MEDIUM
MOR-034,Knowledge Fabric Integration & Testing,Test and integrate Knowledge Fabric v2,36,3,Phase 2B,QA Engineer,P1,"MOR-030, MOR-031, MOR-032, MOR-033","55+ integration tests passing, Load test with 10M nodes successful, Query latency <200ms for 95% queries, Cross-plugin linking validated, Operational documentation complete, Backup and recovery procedures tested, Monitoring configured",Ready,11,HIGH
MOR-040,VisualForge v2 Component System,Design and implement VisualForge v2 component system,120,14,Phase 3A,Frontend Architect / UI Engineer,P1,MOR-034,"Storybook with all components documented, Visual regression tests for all components, Accessibility audit passing (WCAG 2.1 AA), Performance: <3s page load time, Bundle size: <500KB (gzipped), 90%+ test coverage",Ready,20,HIGH
MOR-060,DevSecOps v2 Security & Operations,Build DevSecOps v2 security automation and monitoring,120,14,Phase 3B,Security Engineer / DevOps Engineer,P1,MOR-034,"Scan all dependencies in <2 minutes, Detect secrets in code/configs, Compliance reports (SOC2 GDPR ISO27001), Incident response playbooks automated, <1 minute alert latency for critical issues, 100% inventory of infrastructure components",Ready,20,HIGH
MOR-100,Cross-Plugin Integration Test Framework,Create test framework for multi-plugin scenarios,60,8,Cross-Cutting,QA Engineer / Testing Architect,P1,"MOR-014, MOR-024, MOR-034, MOR-050, MOR-070","100+ integration tests across plugins, Chaos tests for failure scenarios, Production readiness checklist with 50+ items, Performance benchmarks documented, SLA compliance validation, Production deployment procedures",Ready,15,HIGH
MOR-101,Comprehensive Monitoring & Observability,Design observability architecture and implement monitoring,50,6,Cross-Cutting,DevOps Engineer / Observability Specialist,P1,All phase components,"Distributed tracing for all agent execution, Metrics collected for all components (latency throughput errors), 20+ dashboards in Grafana/DataDog, Alert rules for 30+ failure modes, On-call playbooks for all services, SLA monitoring dashboard",Ready,13,HIGH
MOR-102,Documentation Hub & Knowledge Base,Create comprehensive documentation hub,80,10,Cross-Cutting,Technical Writer / Documentation Specialist,P1,All phase components,"500+ page documentation, API docs for all commands with examples, 30+ ADRs covering major decisions, Runbooks for all operational procedures, Troubleshooting guide with 50+ issues, Video tutorials for key workflows, Regular updates schedule defined",Ready,16,MEDIUM
MOR-103,Production Deployment & Rollout Strategy,Design phased rollout and deployment automation,40,5,Cross-Cutting,DevOps Engineer / Release Manager,P1,"MOR-100, MOR-101, MOR-102","Deployment automation (IaC) complete, Canary deployment strategy tested, Rollback procedures automated, Pilot user program defined (5-10 users), Training materials prepared, Go/no-go criteria documented, Risk mitigation plan for critical issues",Ready,13,HIGH